patient_id,bowel_healthy,bowel_injury,extravasation_healthy,extravasation_injury,kidney_healthy,kidney_low,kidney_high,liver_healthy,liver_low,liver_high,spleen_healthy,spleen_low,spleen_high
48843,0.9237466057141622,0.07625342657168706,0.9843063751856486,0.01569356955587864,0.9655353625615438,0.016865871225794155,0.017598749759296577,0.8626047372817993,0.11875490720073383,0.018640392149488132,0.9555851221084595,0.03174548906584581,0.012669409004350504
50046,0.9453944563865662,0.0546055535475413,0.9521059195200602,0.047894048814972244,0.8998895486195883,0.05640052258968353,0.04370990892251333,0.9256229400634766,0.05342167429625988,0.020955368255575497,0.9438862800598145,0.032768395418922104,0.023345356186230976
63706,0.9522966345151266,0.04770338162779808,0.9905636111895243,0.00943640215943257,0.9348906675974528,0.03143987742563089,0.03366945994397005,0.9447643955548605,0.03865104168653488,0.0165845463052392,0.9267749587694804,0.04951561987400055,0.023709453642368317
